Date,Domestic,Atlantic,Latin America,Pacific,International***,Total,NX Goods,Jet Fuel Spot Price FOB ($ per Gallon),CPI,IPI,Retail traid US total
10/31/2002,1458.666,486.393,152.429,827.855,2667.598,5592.94,-39488.00,0.79,181.200,90.3988,261953.00
11/30/2002,1296.241,480.208,128.744,780.295,2463.807,5149.294,-43800.00,0.708,181.500,90.8947,263568.00
12/31/2002,1262.516,424.351,161.397,643.024,2071.804,4563.092,-47290.00,0.811,181.800,90.3906,265930.00
1/31/2003,1177.785,394.155,135.919,591.492,1948.974,4248.325,-44682.00,0.887,182.600,91.1369,267230.00
2/28/2003,1079.561,423.668,159.528,553.606,1909.486,4125.848,-43453.00,1.055,183.600,91.2505,263188.00
3/31/2003,1233.953,482.276,153.558,730.667,2423.222,5023.676,-47085.00,0.893,183.900,91.0006,267820.00
4/30/2003,1208.202,414.988,145.716,650.184,2119.864,4538.954,-45665.00,0.743,183.200,90.4311,267197.00
5/31/2003,1243.021,429.335,139.429,667.973,2089.551,4569.309,-45108.00,0.714,182.900,90.4000,267362.00
6/30/2003,1207.785,413.324,129.411,680.507,2171.832,4602.858,-43896.00,0.748,183.100,90.5196,270396.00
7/31/2003,1263.991,425.483,131.996,705.342,2141.832,4668.644,-44942.00,0.78,183.700,90.9869,273352.00
8/31/2003,1318.439,401.435,126.897,690.555,2108.819,4646.145,-43611.00,0.823,184.500,90.7933,277965.00
9/30/2003,1276.318,412.495,120.827,654.6,2243.824,4708.065,-45611.00,0.738,185.100,91.3819,276430.00
10/31/2003,1460.485,446.722,133.673,709.961,2530.605,5281.445,-45370.00,0.82,184.900,91.5049,274764.00
11/30/2003,1338.77,445.908,134.814,717.497,2490.98,5127.968,-44024.00,0.831,185.000,92.1265,278298.00
12/31/2003,1424.216,423.694,130.584,654.083,2268.23,4900.808,-48196.00,0.876,185.500,92.1732,277612.00
1/31/2004,1234.82,404.747,125.103,581.697,2034.023,4380.39,-48867.00,0.998,186.300,92.3268,278913.00
2/28/2004,1264.422,454.065,141.983,656.754,2207.643,4724.867,-49027.00,0.933,186.700,92.8995,280932.00
3/31/2004,1416.58,507.576,158.567,773.97,2623.703,5480.396,-51543.00,0.947,187.100,92.5368,286209.00
4/30/2004,1343.959,472.597,151.14,752.613,2391.456,5111.765,-52183.00,0.973,187.400,92.8957,282952.00
5/31/2004,1324.742,487.779,152.962,752.106,2513.265,5230.854,-52560.00,1.092,188.200,93.5845,288252.00
6/30/2004,1330.791,473.068,145.735,759.909,2506.775,5216.277,-58940.00,1.032,188.900,92.8651,284133.00
7/31/2004,1359.618,490.816,144.706,794.28,2603.149,5392.568,-56104.00,1.145,189.100,93.5502,287358.00
8/31/2004,1331.533,456.164,150.711,779.381,2559.62,5277.409,-56935.00,1.227,189.200,93.6301,287941.00
9/30/2004,1393.407,482.506,144.757,807.077,2632.201,5459.947,-55895.00,1.362,189.800,93.7353,293139.00
10/31/2004,1527.978,526.152,161.371,864.354,2821.206,5901.061,-59561.00,1.52,190.800,94.5695,295115.00
11/30/2004,1397.973,504.501,162.887,847.675,2765.008,5678.043,-63496.00,1.347,191.700,94.8015,296177.00
12/31/2004,1526.984,506.006,158.768,827.169,2652.455,5671.38,-59655.00,1.223,191.700,95.5415,299763.00
1/31/2005,1280.516,470.104,116.254,633.013,2501.424,5001.31,-61181.00,1.334,191.600,95.8785,296696.00
2/28/2005,1253.13,494.568,125.025,578.975,2313.955,4765.652,-63446.00,1.334,192.400,96.5709,300557.00
3/31/2005,1469.765,571.629,140.729,704.376,2899.677,5786.176,-58949.00,1.562,193.100,96.4345,301308.00
4/30/2005,1226.824,500.753,185.866,749.52,2827.331,5490.294,-62621.00,1.573,193.700,96.6347,303760.00
5/31/2005,1261.165,483.805,171.796,742.632,2674.626,5334.024,-61685.00,1.471,193.600,96.7251,301776.00
6/30/2005,1351.714,490.711,175.316,789.627,2747.346,5554.714,-63601.00,1.654,193.700,97.1483,310989.00
7/31/2005,1325.121,504.968,163.395,783.557,2712.101,5489.141,-63343.00,1.665,194.900,96.8397,313520.00
8/31/2005,1266.499,472.316,165.186,768.134,2766.478,5438.612,-63929.00,1.874,196.100,97.1584,310046.00
9/30/2005,1274.32,481.14,157.462,770.048,2895.195,5578.165,-70530.00,2.232,198.800,95.2764,310673.00
10/31/2005,1309.095,524.234,171.474,838.627,3086.338,5929.768,-73179.00,2.398,199.100,96.4411,310479.00
11/30/2005,1322.617,521.38,196.747,826.885,2944.468,5812.097,-69822.00,1.698,198.100,97.5016,313303.00
12/31/2005,1405.02,519.73,192.825,776.914,2880.544,5775.034,-70516.00,1.727,198.100,97.9723,313473.00
1/31/2006,1153.228,447.197,155.779,687.04,2530.238,4973.482,-72871.00,1.816,199.300,98.1270,322348.00
2/28/2006,1090.957,474.039,135.886,645.797,2418.701,4765.38,-67493.00,1.754,199.400,98.1687,320171.00
3/31/2006,1393.293,552.014,162.73,871.204,3105.256,6084.496,-68017.00,1.875,199.700,98.3913,320869.00
4/30/2006,1260.969,506.06,153.644,808.995,2754.002,5483.669,-68707.00,2.074,200.700,98.6826,322561.00
5/31/2006,1262.065,515.036,153.991,768.171,2706.579,5405.842,-71283.00,2.07,201.300,98.7074,321794.00
6/30/2006,1322.622,532.337,161.736,819.451,2792.542,5628.687,-69728.00,2.081,201.800,99.0398,323184.00
7/31/2006,1209.683,498.529,149.042,814.321,2912.872,5584.447,-72687.00,2.154,202.900,98.9751,324204.00
8/31/2006,1358.627,481.443,181.463,850.615,2878.835,5750.984,-74214.00,2.133,203.800,99.4047,325324.00
9/30/2006,1292.727,512.139,189.589,856.212,3074.047,5924.714,-71279.00,1.81,202.800,99.2246,323236.00
10/31/2006,1309.028,535.173,202.355,869.592,3108.472,6024.62,-65954.00,1.739,201.900,99.1229,322678.00
11/30/2006,1332.611,514.236,201.009,871.979,3153.145,6072.98,-65796.00,1.733,202.000,99.0963,323343.00
12/31/2006,1376.717,509.84,202.419,793.645,3036.181,5918.801,-69259.00,1.81,203.100,100.1125,326849.00
1/31/2007,1176.577,460.586,198.425,691.961,2624.228,5151.777,-65776.00,1.654,203.437,99.7546,327181.00
2/28/2007,1114.175,474.758,179.612,637.095,2574.831,4980.471,-66380.00,1.74,204.226,100.7166,327953.00
3/31/2007,1328.374,555.262,198.343,859.222,3123.484,6064.685,-70644.00,1.846,205.288,100.8952,330579.00
4/30/2007,1195.998,493.041,199.206,778.989,2947.024,5614.258,-68670.00,2.036,205.904,101.5723,329560.00
5/31/2007,1276.608,516.114,185.351,770.415,2926.301,5674.788,-67895.00,2.044,206.755,101.6269,334202.00
6/30/2007,1265.465,526.39,178.678,778.598,3057.067,5806.199,-68735.00,2.099,207.234,101.6547,331076.00
7/31/2007,1215.468,509.212,179.113,785.374,2990.792,5679.958,-69198.00,2.137,207.603,101.4953,332342.00
8/31/2007,1340.747,504.841,190.546,826.508,2906.615,5769.257,-67060.00,2.092,207.667,101.6943,334169.00
9/30/2007,1287.37,525.267,189.122,833.889,3016.677,5852.326,-67714.00,2.265,208.547,101.9428,335442.00
10/31/2007,1333.694,563.934,199.748,861.623,3189.971,6148.971,-68299.00,2.372,209.190,101.6446,337530.00
11/30/2007,1291.889,547.847,203.723,875.495,3062.393,5981.347,-71741.00,2.673,210.834,102.2167,341133.00
12/31/2007,1316.155,524.429,216.145,806.005,2881.732,5744.467,-69084.00,2.601,211.445,102.2764,336189.00
1/31/2008,1168.018,493.632,185.026,701.15,2749.437,5297.263,-71650.00,2.605,212.174,102.1493,337412.00
2/28/2008,1102.384,519.679,190.113,614.337,2659.346,5085.858,-74110.00,2.728,212.687,101.7756,334584.00
3/31/2008,1199.357,550.416,207.686,785.253,2978.852,5721.564,-70917.00,3.124,213.448,101.4508,335193.00
4/30/2008,1230.239,550.293,215.845,816.491,2887.114,5699.981,-74315.00,3.365,213.942,100.7554,334843.00
5/31/2008,1215.189,549.133,192.947,755.353,2855.95,5568.571,-73868.00,3.738,215.208,100.1336,337947.00
6/30/2008,1126.08,540.338,184.292,745.23,2728.156,5324.095,-72286.00,3.878,217.463,99.8728,338311.00
7/31/2008,1176.962,542.887,179.554,712.757,2732.906,5345.066,-77628.00,3.886,219.016,99.4194,336771.00
8/31/2008,1147.282,513.869,184.326,706.341,2680.311,5232.13,-71541.00,3.271,218.690,97.8491,334045.00
9/30/2008,1100.378,518.939,176.919,669.954,2618.028,5084.219,-70455.00,3.375,218.877,93.5576,328343.00
10/31/2008,1182.951,535.271,178.767,687.998,2740.859,5325.846,-70138.00,2.315,216.995,94.4985,314830.00
11/30/2008,1018.287,495.104,169.558,598.08,2544.92,4825.951,-53601.00,1.88,213.153,93.2617,301332.00
12/31/2008,1079.637,445.484,138.61,511.627,2165.952,4341.31,-51983.00,1.375,211.398,90.6266,294025.00
1/31/2009,933.107,400.308,126.249,448.981,1904.961,3813.605,-47164.00,1.469,211.933,88.3712,298673.00
2/28/2009,860.23,410.217,127.642,455.767,1871.761,3725.617,-37359.00,1.259,212.705,87.8430,297631.00
3/31/2009,929.344,442.144,152.618,563.844,2185.492,4273.443,-38976.00,1.268,212.495,86.4689,292300.00
4/30/2009,946.335,445.479,149.596,566.317,1999.251,4106.978,-39544.00,1.369,212.709,85.7903,293614.00
5/31/2009,956.171,456.014,144.83,557.218,2133.367,4247.6,-35595.00,1.488,213.022,84.9436,296501.00
6/30/2009,961.191,588.109,141.781,596.419,2248.126,4535.626,-36844.00,1.805,214.790,84.6746,302169.00
7/31/2009,1009.788,503.404,142.113,611.797,2371.667,4638.768,-42838.00,1.712,214.726,85.6853,302802.00
8/31/2009,984.831,487.735,154.226,613.591,2399.478,4639.86,-41816.00,1.885,215.445,86.6393,309023.00
9/30/2009,1036.691,530.866,167.428,643.807,2457.06,4835.851,-45296.00,1.749,215.861,87.3821,301033.00
10/31/2009,1129.582,576.114,177.67,693.121,2806.542,5383.029,-45350.00,1.942,216.509,87.5809,304154.00
11/30/2009,1052.014,567.024,185.818,704.674,2756.572,5266.102,-49072.00,1.986,217.234,87.9388,306675.00
12/31/2009,1228.033,563.762,184.993,660.421,2677.488,5314.697,-49840.00,1.979,217.347,88.2404,308413.00
1/31/2010,977.335,502.735,150.928,610.481,2441.125,4682.603,-49076.00,2.052,217.488,89.1897,308229.00
2/28/2010,926.043,520.381,153.735,554.951,2445.213,4600.323,-52020.00,1.989,217.281,89.5046,308457.00
3/31/2010,1085.023,620.706,166.809,700,2958.536,5531.075,-51549.00,2.108,217.353,90.1356,315743.00
4/30/2010,1076.585,531.45,175.78,707.445,2875.375,5366.636,-52440.00,2.243,217.403,90.4607,318696.00
5/31/2010,1061.358,616.765,182.563,738.948,3145.799,5745.433,-53595.00,2.063,217.290,91.7014,315409.00
6/30/2010,1079.169,595.153,161.245,748.252,2946.346,5530.165,-59092.00,2.058,217.199,91.9033,314770.00
7/31/2010,1075.826,604.203,142.108,762.777,2958.807,5543.721,-53416.00,2.019,217.605,92.2549,315684.00
8/31/2010,1057.512,574.623,158.164,739.458,2856.65,5386.406,-58128.00,2.083,217.923,92.5936,317008.00
9/30/2010,1074.59,592.367,150.777,727.825,2901.999,5447.558,-57297.00,2.114,218.275,92.8533,320014.00
10/31/2010,1031.73,655.031,165.301,820.877,3240.669,5913.609,-53715.00,2.248,219.035,92.6033,323990.00
11/30/2010,972.442,600.7,166.847,813.003,3084.189,5637.181,-52385.00,2.323,219.590,92.6686,327341.00
12/31/2010,1122.729,603.541,158.561,787.748,2974.41,5646.99,-55958.00,2.453,220.472,93.5916,329670.00
1/31/2011,923.95,562.053,136.695,726.57,2691.53,5040.799,-62609.00,2.619,221.187,93.3889,332141.00
2/28/2011,853.268,559.454,132.807,614.979,2481.674,4642.181,-59702.00,2.839,221.898,93.0045,334635.00
3/31/2011,1054.734,655.198,156.456,862.319,3238.879,5967.586,-59755.00,3.125,223.046,93.9684,337892.00
4/30/2011,1027.909,595.017,160.728,776.779,3004.437,5564.87,-57812.00,3.267,224.093,93.6571,339711.00
5/31/2011,994.576,616.957,154.781,740.369,2967.404,5474.086,-63078.00,3.085,224.806,93.7723,338974.00
6/30/2011,1049.326,582.648,140.624,752.859,2903.807,5429.264,-65598.00,3.046,224.806,94.0493,341643.00
7/31/2011,985.666,613.822,155.326,747.334,2954.104,5456.252,-62067.00,3.131,225.395,94.4958,341321.00
8/31/2011,1023.595,588.493,150.233,744.632,2837.004,5343.957,-61924.00,3.008,226.106,95.0974,341973.00
9/30/2011,1006.905,602.604,153.996,717.951,2754.288,5235.744,-59834.00,2.948,226.597,95.0244,345554.00
10/31/2011,1028.995,628.216,167.936,742.92,2966.995,5535.063,-60867.00,2.966,226.750,95.6891,347691.00
11/30/2011,1029.776,594.422,169.485,733.809,2892.726,5420.217,-62687.00,3.046,227.169,95.6778,349082.00
12/31/2011,1155.033,605.055,159.994,748.112,2889.769,5557.963,-65067.00,2.873,227.223,96.1809,349646.00
1/31/2012,914.974,531.91,132.237,580.568,2390.198,4549.888,-66735.00,3.087,227.842,96.7595,352564.00
2/28/2012,954.473,562.041,134.555,642.803,2573.957,4867.828,-60195.00,3.207,228.329,97.0662,357350.00
3/31/2012,1086.087,628.843,178.954,789.076,3056.722,5739.682,-66971.00,3.256,228.807,96.5609,358627.00
4/30/2012,975.641,558.999,163.474,710.458,2718.487,5127.059,-64077.00,3.226,229.187,97.2510,356607.00
5/31/2012,1052.157,599.199,163.854,740.024,2759.419,5314.653,-62589.00,2.974,228.713,97.4595,355867.00
6/30/2012,1033.21,602.16,146.965,729.628,2816.975,5328.938,-60415.00,2.678,228.524,97.4768,352053.00
7/31/2012,995.976,582.363,150.535,718.492,2801.554,5248.92,-59723.00,2.892,228.590,97.6714,353688.00
8/31/2012,1059.47,559.456,152.141,719.051,2724.86,5214.978,-61109.00,3.156,229.918,97.2734,358499.00
9/30/2012,1008.959,573.797,149.917,713.915,2754.37,5200.957,-57416.00,3.191,231.015,97.2217,361272.00
10/31/2012,1057.687,589.686,154.74,727.809,2690.3,5220.222,-60545.00,3.111,231.638,97.5311,361685.00
11/30/2012,1082.147,571.249,165.158,728.482,2836.256,5383.291,-64668.00,2.96,231.249,97.9084,362788.00
12/31/2012,1146.489,561.701,156.565,705.41,2707.123,5277.288,-56678.00,2.94,231.221,98.1884,364127.00
1/31/2013,1028.296,519.407,133.672,652.448,2442.115,4775.938,-60764.00,3.091,231.679,98.1736,366967.00
2/28/2013,912.789,514.637,138.547,557.956,2309.902,4433.831,-61750.00,3.218,232.937,98.6434,372138.00
3/31/2013,1050.383,586.513,159.922,712.682,2871.518,5381.019,-55614.00,2.969,232.282,99.0470,368962.00
4/30/2013,993.733,541.779,162.594,683.201,2715.161,5096.467,-58407.00,2.808,231.797,98.9445,367040.00
5/31/2013,1047.428,557.703,156.305,699.76,2696.444,5157.64,-62194.00,2.725,231.893,99.0383,369500.00
6/30/2013,1012.812,571.545,145.177,666.753,2786.771,5183.057,-55548.00,2.769,232.445,99.2221,370730.00
7/31/2013,996.949,561.062,143.225,685.725,2778.373,5165.334,-57948.00,2.894,232.900,98.8987,373090.00
8/31/2013,1066.19,548.615,135.301,694.727,2804.63,5249.464,-58044.00,3.003,233.456,99.4897,372210.00
9/30/2013,981.917,537.793,137.391,669.209,2777.124,5103.434,-61635.00,2.934,233.544,100.0210,372302.00
10/31/2013,1126.408,615.238,164.715,706.922,2900.95,5514.234,-57771.00,2.885,233.669,99.9037,373253.00
11/30/2013,1018.335,594.945,164.194,725.438,3026.935,5529.847,-55237.00,2.83,234.100,100.1582,373756.00
12/31/2013,1192.266,562.57,152.201,710.168,2743.661,5360.865,-55627.00,2.955,234.719,100.3740,376445.00
1/31/2014,1032.962,530.712,128.073,648.57,2501.873,4842.189,-59821.00,2.921,235.288,99.9899,373083.00
2/28/2014,909.762,529.909,129.555,520.418,2289.559,4379.202,-61758.00,2.965,235.547,100.7471,378355.00
3/31/2014,1059.97,624.478,157.634,714.344,3095.201,5651.628,-63738.00,2.89,236.028,101.7435,382101.00
4/30/2014,1062.639,567.73,154.278,701.845,2801.082,5287.573,-66424.00,2.888,236.468,101.8273,386376.00
5/31/2014,1069.655,591.198,148.69,731.002,2977.888,5518.432,-62522.00,2.868,236.918,102.2392,386735.00
6/30/2014,1020.305,569.498,139.808,727.228,2990.836,5447.675,-61411.00,2.883,237.231,102.5774,387708.00
7/31/2014,1085.373,599.279,141.234,752.81,3062.415,5641.111,-61785.00,2.817,237.498,102.7954,388043.00
8/31/2014,1070.142,559.153,133.493,742.002,2948.365,5453.155,-59403.00,2.839,237.460,102.6322,391074.00
9/30/2014,1028.581,541.975,126.587,748.05,2912.152,5357.345,-63888.00,2.729,237.477,102.9417,389456.00
10/31/2014,1144.872,604.996,140.897,783.284,3236.842,5910.891,-62424.00,2.46,237.430,102.9611,390413.00
11/30/2014,1100.759,579.838,145.366,790.234,3352.587,5968.783,-61479.00,2.297,236.983,103.5978,391491.00
12/31/2014,1260.214,566.032,135.422,800.361,3067.967,5829.996,-65264.00,1.801,236.252,103.6151,388012.00
1/31/2015,1043.068,507.385,121.641,761.201,2724.004,5157.3,-62102.00,1.496,234.747,102.7923,385312.00
2/28/2015,1008.061,514.528,124.176,689.215,2820.177,5156.156,-57664.00,1.766,235.342,102.1366,384779.00
3/31/2015,1115.752,587.32,139.307,800.584,3420.314,6063.277,-72184.00,1.629,235.976,101.7869,390738.00
4/30/2015,1088.649,547.321,141.184,768.161,2996.214,5541.529,-62722.00,1.702,236.222,101.2255,391246.00
5/31/2015,1064.995,532.755,140.295,752.58,3024.128,5514.753,-61462.00,1.849,237.001,100.7675,394260.00
6/30/2015,1067.767,551.057,135.502,749.355,2863.889,5367.569,-65486.00,1.732,237.657,100.4588,394652.00
7/31/2015,1097.255,549.469,142.949,752.65,2961.771,5504.093,-62741.00,1.549,238.034,101.0893,397994.00
8/31/2015,1057.059,584.663,136.427,639.718,2936.456,5354.323,-66773.00,1.389,238.033,100.9165,397712.00
9/30/2015,1087.086,543.487,135.738,734.15,2914.671,5415.132,-63547.00,1.395,237.498,100.6330,395625.00
10/31/2015,1166.026,726.34,148.121,650.489,3161.29,5852.266,-62385.00,1.391,237.733,100.1563,394121.00
11/30/2015,1085.223,557.597,148.556,778.489,3150.892,5720.758,-62045.00,1.326,238.017,99.4366,395827.00
12/31/2015,1309.495,556.892,129.393,798.706,2989.745,5784.232,-62757.00,1.082,237.761,98.9471,396822.00
1/31/2016,1032.306,502.763,113.334,711.718,2738.638,5098.759,-61523.00,0.93,237.652,99.4391,394305.00
2/28/2016,952.297,496.43,105.824,578.671,2539.679,4672.901,-64300.00,0.973,237.336,98.9232,397747.00
3/31/2016,1138.149,556.854,120.152,782.439,3064.16,5661.754,-58418.00,1.069,238.080,98.1635,396522.00
4/30/2016,1092.553,552.769,119.332,751.29,3041.098,5557.043,-59727.00,1.147,238.992,98.4775,397977.00
5/31/2016,1076.074,538.682,128.14,763.305,3008.206,5514.409,-61970.00,1.299,239.557,98.2549,399587.00
6/30/2016,1145.565,537.536,134.625,757.45,3056.393,5631.57,-65305.00,1.382,240.222,98.7315,404408.00
7/31/2016,1106.083,557.819,138.398,757.58,3082.079,5641.959,-63656.00,1.272,240.101,98.8452,403560.00
8/31/2016,1166.539,540.144,140.3,763.044,2982.409,5592.435,-62638.00,1.295,240.545,98.7427,403580.00
9/30/2016,1182.534,568.74,139.241,763.39,3088.842,5742.746,-60586.00,1.319,241.176,98.6552,405979.00
10/31/2016,1209.486,604.097,152.613,840.548,3460.957,6267.7,-61397.00,1.457,241.741,98.7237,407000.00
11/30/2016,1263.543,560.296,149.865,853.059,3408.282,6235.045,-66800.00,1.356,242.026,98.3443,405846.00
12/31/2016,1392.905,546.771,137.607,856.795,3363.499,6297.579,-63483.00,1.491,242.637,99.0406,412437.00
1/31/2017,1131.53,524.001,123.414,752.904,2943.412,5475.261,-66402.00,1.514,243.618,98.8158,415660.00
2/28/2017,1029.817,513.219,120.841,639.735,2700.032,5003.644,-63592.00,1.547,244.006,98.4356,415563.00
3/31/2017,1280.82,615.559,143.195,876.196,3466.143,6381.913,-65053.00,1.445,243.892,99.0492,414869.00
4/30/2017,1184.722,585.894,135.435,830.412,3313.443,6049.906,-68405.00,1.51,244.193,100.0416,416613.00
5/31/2017,1236.29,623.852,141.798,859.519,3445.437,6306.896,-67183.00,1.412,244.004,100.1280,414253.00
6/30/2017,1262.941,628.012,144.07,862.253,3454.097,6351.373,-65992.00,1.295,244.163,100.3370,416255.00
7/31/2017,1208.604,641.4,148.646,864.686,3558.253,6421.589,-65483.00,1.417,244.243,100.0865,416403.00
8/31/2017,1315.008,633.788,150.776,849.236,3469.957,6418.764,-64313.00,1.561,245.183,99.6323,416861.00
9/30/2017,1256.9,634.959,142.072,856.385,3511.604,6401.92,-64980.00,1.8,246.435,99.7482,426256.00
10/31/2017,1328.517,672.341,175.549,880.237,3811.861,6868.505,-66665.00,1.659,246.626,100.9893,426561.00
11/30/2017,1411.038,629.387,165.436,939.517,3767.906,6913.284,-69836.00,1.76,247.284,101.2493,431085.00
12/31/2017,1493.694,598.021,156.779,932.55,3752.976,6934.021,-71439.00,1.817,247.805,101.4871,433299.00
1/31/2018,1257.997,574.74,143.589,816.221,3342.617,6135.165,-73585.00,1.952,248.859,101.4852,431006.00
2/28/2018,1147.866,564.433,140.591,677.306,3109.251,5639.448,-74571.00,1.849,249.529,101.7319,433647.00
3/31/2018,1338.324,676.229,162.418,899.898,3775.886,6852.754,-69809.00,1.858,249.577,102.1943,432774.00
4/30/2018,1244.532,629.765,160.844,852.01,3753.512,6640.662,-71059.00,2.015,250.227,103.3551,434998.00
5/31/2018,1351.715,662.468,152.264,895.589,3800.601,6862.638,-66567.00,2.155,250.792,102.3810,440091.00
6/30/2018,1316.749,669.738,148.525,882.668,3729.138,6746.818,-69309.00,2.09,251.018,103.2256,437762.00
7/31/2018,1287.68,648.928,149.123,890.747,3645.472,6621.949,-74637.00,2.098,251.214,103.3561,440024.00
8/31/2018,1378.754,645.745,150.233,880.644,3599.796,6655.173,-75127.00,2.118,251.663,104.0585,439439.00
9/30/2018,1320.412,645.71,140.695,877.309,3774.694,6758.821,-75656.00,2.189,252.182,104.1038,438880.00
10/31/2018,1416.356,686.025,159.545,942.195,3926.451,7130.571,-76525.00,2.249,252.772,103.9297,443924.00
11/30/2018,1397.125,624.847,145.039,949.601,3769.9,6886.511,-73107.00,1.945,252.594,104.0126,445847.00
12/31/2018,1511.261,604.474,141.768,934.266,3689.123,6880.892,-78795.00,1.696,252.767,104.0451,435613.00
1/31/2019,1323.57,573.692,131.886,835.057,3294.572,6158.776,-71997.00,1.784,252.561,103.3598,438860.00
2/28/2019,1148.97,566.739,123.756,643.83,2928.096,5411.391,-71109.00,1.914,253.319,102.8251,439249.00
3/31/2019,1354.162,662.895,143.678,888.351,3810.32,6859.408,-71989.00,1.902,254.277,102.8361,446687.00
4/30/2019,1344.158,613.871,138.287,853.832,3333.825,6283.972,-74433.00,1.977,255.233,102.2748,446833.00
5/31/2019,1397.371,650.621,143.572,896.503,3466.15,6554.218,-76567.00,1.972,255.296,102.4176,449524.00
6/30/2019,1353.839,623.015,135.63,873.548,3402.767,6388.799,-74294.00,1.817,255.213,102.5425,449409.00
7/31/2019,1372.54,636.762,133.628,897.068,3253.706,6293.705,-73382.00,1.913,255.802,102.0057,453221.00
8/31/2019,1410.975,622.469,135.196,874.996,3446.073,6489.709,-73823.00,1.8,256.036,102.7814,456082.00
9/30/2019,1304.838,633.083,129.492,845.708,3362.027,6275.148,-69458.00,1.874,256.430,102.4601,452230.00
10/31/2019,1433.823,688.765,136.775,904.464,3577.734,6741.56,-67187.00,1.861,257.155,101.5878,453365.00
11/30/2019,1413.885,641.125,142.769,930.742,3664.482,6793.004,-64492.00,1.824,257.879,102.1494,456587.00
12/31/2019,1555.348,591.607,130.978,900.743,3293.196,6471.872,-68530.00,1.893,258.630,101.9421,457253.00
1/31/2020,1322.665,564.312,125.733,743.307,3096.875,5852.891,-66931.00,1.77,258.906,101.3372,456420.00
2/28/2020,1173.056,589.563,123.863,556.066,2878.624,5321.172,-62554.00,1.509,259.246,101.6718,456401.00
3/31/2020,1442.368,546.209,104.732,763.93,3445.573,6302.812,-65885.00,0.953,258.150,97.6060,429196.00
4/30/2020,1447.287,398.217,65.788,809.075,2884.318,5604.685,-75333.00,0.606,256.126,84.6812,376918.00
5/31/2020,1596.074,476.962,76.805,925.671,3062.544,6138.055,-76934.00,0.686,255.848,86.0108,443726.00
6/30/2020,1607.576,523.968,84.617,906.661,3124.186,6247.008,-71335.00,0.983,257.004,91.6745,473811.00
7/31/2020,1667.681,557.361,96.418,928.327,3197.33,6447.117,-80770.00,1.084,258.408,95.0037,480116.00
8/31/2020,1614.3,548.887,101.367,922.97,3286.902,6474.425,-82882.00,1.112,259.366,95.9294,482243.00
9/30/2020,1638.444,603.432,106.427,936.439,3360.996,6645.738,-78988.00,1.006,259.951,95.8914,491386.00
10/31/2020,1716.1,647.558,119.573,988.02,3693.531,7164.782,-81751.00,1.047,260.249,96.5256,489705.00
11/30/2020,1653.311,608.019,122.799,999.561,3796.082,7179.772,-86103.00,1.133,260.895,96.9529,487287.00
12/31/2020,1881.068,564.612,124.304,1015.133,3647.331,7232.449,-83409.00,1.324,262.005,98.2039,495533.00
1/31/2021,1605.295,565.108,123.029,947.415,3628.893,6869.739,-84938.00,1.42,262.518,98.8135,511693.00
2/28/2021,1329.003,564.275,127.86,779.704,3391.955,6192.797,-88122.00,1.601,263.583,95.5072,498200.00
3/31/2021,1722.981,684.619,149.3,1079.425,3850.862,7487.187,-87416.00,1.661,264.910,98.1929,550963.00
4/30/2021,1690.674,661.524,147.88,1039.124,4040.818,7580.019,-87336.00,1.669,266.752,98.3317,554420.00
5/31/2021,1660.163,672.515,144.249,1030.694,4145.403,7653.025,-87629.00,1.752,268.452,99.1867,545289.00
6/30/2021,1678.296,662.106,133.591,984.98,4052.335,7511.308,-91804.00,1.857,270.664,99.6483,548693.00
7/31/2021,1715.863,670.632,141.799,937.816,4127.988,7594.098,-87280.00,1.887,271.994,100.0668,537817.00
8/31/2021,1677.192,653.497,137.1,886.911,4221.341,7576.041,-89685.00,1.817,272.789,100.0412,542140.00
9/30/2021,1649.249,698.96,136.378,883.809,4125.644,7494.04,-94716.00,2.003,273.887,98.9955,545726.00
10/31/2021,1734.251,751.973,148.173,955.919,4449.767,8040.083,-84677.00,2.296,276.434,100.3542,555517.00
11/30/2021,1727.486,674.997,145.472,943.245,4343.611,7834.811,-99219.00,2.193,278.799,101.2684,562175.00
12/31/2021,1961.054,687.809,155.231,947.417,4402.627,8154.138,-100367.00,2.095,280.808,101.1948,558148.00
1/31/2022,1590.267,608.077,133.117,833.347,3830.48,6995.288,-105474.00,2.446,282.390,101.2146,571325.00
2/28/2022,1459.519,669.89,140.071,713.404,3600.225,6583.108,-105289.00,2.682,284.535,101.8458,574609.00
3/31/2022,1752.248,796.653,150.671,909.778,4256.852,7866.201,-121236.00,3.495,287.553,102.6732,585912.00
4/30/2022,1650.567,756.45,144.045,845.566,3869.509,7266.136,-105681.00,3.914,288.764,102.9024,592141.00
5/31/2022,1623.18,774.533,144.409,833.271,3814.028,7189.421,-103663.00,3.902,291.359,102.9659,589282.00
6/30/2022,1650.641,780.117,131.549,964.205,3418.415,6944.928,-99735.00,4.12,294.996,102.8224,593360.00
7/31/2022,1574.933,800.85,125.904,970.476,3439.625,6911.788,-89236.00,3.478,294.977,103.0505,589039.00
8/31/2022,1607.58,752.676,125.545,1014.492,3568.227,7068.521,-86782.00,3.339,295.209,103.1703,590987.00
9/30/2022,1569.125,777.788,121.994,976.194,3655.365,7100.467,-90015.00,3.262,296.341,103.5326,588894.00
10/31/2022,1579.082,796.208,126.748,1030.949,3685.758,7218.744,-96145.00,3.715,297.863,103.4442,595839.00
11/30/2022,1592.537,747.26,124.808,1021.45,3478.502,6964.557,-83975.00,3.16,298.648,103.1058,588309.00
12/31/2022,1717.092,721.48,134.805,1056.3,3368.601,6998.278,-92711.00,2.897,298.812,101.8266,581749.00
1/31/2023,1328.007,621.344,112.892,843.401,2988.777,5894.42,-91258.00,3.542,300.356,102.7476,603496.00
2/28/2023,1261.542,639.941,113.973,885.947,2792.201,5693.603,-92444.00,2.79,301.509,102.8003,598274.00
3/31/2023,1542.79,741.877,128.117,1112.168,3519.1,7044.052,-83149.00,2.679,301.744,102.8143,590606.00
4/30/2023,1382.639,667,114.283,971.87,3405.44,6541.231,-95766.00,2.374,303.032,103.2241,594962.00
5/31/2023,1446.073,680.232,117.371,1017.776,3336.467,6597.92,-89803.00,2.173,303.365,102.9809,596688.00
6/30/2023,1460.135,700.352,106.745,998.318,3424.647,6690.197,-88423.00,2.25,304.003,102.3809,598006.00
7/31/2023,1410.436,682.424,109.519,1008.845,3531.434,6742.658,-88414.00,2.488,304.628,103.0722,599270.00
8/31/2023,1516.167,703.666,115.297,1031.343,3507.337,6873.811,-83700.00,2.989,306.187,103.0951,604187.00
9/30/2023,1446.2,705.029,113.938,1038.568,3485.789,6789.524,-85715.00,3.12,307.288,103.3081,609130.00
10/31/2023,1488.298,724.504,123.112,1079.555,3617.112,7032.58,-87829.00,2.881,307.531,102.5781,605668.00
11/30/2023,1609.112,709.032,126.435,1039.64,3602.198,7086.418,-88348.00,2.734,308.024,102.8868,606035.00
12/31/2023,1720.534,700.23,139.896,1032.773,3673.441,7266.873,-88440.00,2.387,308.742,102.6309,608730.00
1/31/2024,1382.459,603.817,125.677,896.129,3316.9,6324.981,-91009.00,2.585,309.685,101.4830,601921.00
2/28/2024,1370.272,647.881,127.654,742.167,3073.367,5961.342,-92959.00,2.683,311.054,102.7267,606720.00
3/31/2024,1515.212,747.797,137.796,960.904,3721.387,7083.096,-92979.00,2.593,312.230,102.5186,610060.00
4/30/2024,1446.035,692.284,142.659,840.256,3535.501,6656.736,-99547.00,2.605,313.207,102.3568,608458.00
5/31/2024,1577.833,713.134,158.599,901.385,3693.722,7044.673,-100325.00,2.38,313.225,102.9797,610010.00
6/30/2024,1505.507,728.826,150.714,898.429,3632.853,6916.331,-97300.00,2.394,313.049,103.2768,607986.00
7/31/2024,1538.948,738.441,148.661,875.852,3447.529,6749.431,-103238.00,2.419,313.534,102.5381,615960.00
8/31/2024,1587.431,744.127,162.379,880.262,3618.484,6992.683,-95015.00,2.176,314.121,103.0449,614535.00
